full_name,now_cost,total_points,team_join_date,pos,team_name,GF,GA
David_Raya_Martin,55,142,2024-07-04,GK,Arsenal,69.0,34.0
Kepa_Arrizabalaga_Revuelta,45,106,2025-07-01,GK,Arsenal,69.0,34.0
Karl_Hein,40,0,2020-10-28,GK,Arsenal,69.0,34.0
Tommy_Setford,40,0,2024-07-24,GK,Arsenal,69.0,34.0
Gabriel_dos_Santos_Magalhaes,60,117,2020-09-01,DEF,Arsenal,69.0,34.0
William_Saliba,60,130,2019-07-25,DEF,Arsenal,69.0,34.0
Riccardo_Calafiori,55,39,2024-07-29,DEF,Arsenal,69.0,34.0
Jurrien_Timber,55,114,2023-07-14,DEF,Arsenal,69.0,34.0
Jakub_Kiwior,55,43,2023-01-23,DEF,Arsenal,69.0,34.0
Myles_Lewis_Skelly,55,37,2022-12-04,DEF,Arsenal,69.0,34.0
Benjamin_White,55,50,2021-07-30,DEF,Arsenal,69.0,34.0
Oleksandr_Zinchenko,50,40,2022-07-22,DEF,Arsenal,69.0,34.0
Brayden_Clarke,40,0,,DEF,Arsenal,69.0,34.0
Maldini_Kacurri,40,0,,DEF,Arsenal,69.0,34.0
Josh_Nichols,40,0,2024-07-24,DEF,Arsenal,69.0,34.0
Bukayo_Saka,100,127,2018-11-28,MID,Arsenal,69.0,34.0
Martin_Odegaard,80,116,2021-08-20,MID,Arsenal,69.0,34.0
Noni_Madueke,70,120,2025-07-18,MID,Arsenal,69.0,34.0
Gabriel_Martinelli_Silva,70,125,2019-07-15,MID,Arsenal,69.0,34.0
Leandro_Trossard,70,152,2023-01-20,MID,Arsenal,69.0,34.0
Declan_Rice,65,127,2023-07-15,MID,Arsenal,69.0,34.0
Mikel_Merino_Zazon,60,92,2024-08-27,MID,Arsenal,69.0,34.0
Fabio_Ferreira_Vieira,55,0,2022-06-21,MID,Arsenal,69.0,34.0
Christian_Norgaard,55,107,2025-07-10,MID,Arsenal,69.0,34.0
Ethan_Nwaneri,55,66,2022-09-17,MID,Arsenal,69.0,34.0
Martin_Zubimendi_Ibanez,55,0,2025-07-06,MID,Arsenal,69.0,34.0
Reiss_Nelson,50,27,2017-07-12,MID,Arsenal,69.0,34.0
Ismeal_Kabia,45,0,2024-09-14,MID,Arsenal,69.0,34.0
Albert_Sambi_Lokonga,45,0,2021-07-19,MID,Arsenal,69.0,34.0
Kai_Havertz,75,97,2023-06-28,FWD,Arsenal,69.0,34.0
Gabriel_Fernando_de_Jesus,65,42,2022-07-04,FWD,Arsenal,69.0,34.0
Cristhian_Mosquera,55,0,2025-07-24,DEF,Arsenal,69.0,34.0
Viktor_Gyokeres,90,0,2025-07-26,FWD,Arsenal,69.0,34.0
Emiliano_Martinez_Romero,50,111,2020-09-16,GK,Aston Villa,58.0,51.0
Marco_Bizot,45,0,2025-07-15,GK,Aston Villa,58.0,51.0
Joe_Gauci,40,0,2024-02-01,GK,Aston Villa,58.0,51.0
Filip_Marschall,40,0,2021-12-13,GK,Aston Villa,58.0,51.0
Matty_Cash,45,76,2020-09-03,DEF,Aston Villa,58.0,51.0
Lucas_Digne,45,89,2022-01-13,DEF,Aston Villa,58.0,51.0
Ezri_Konsa_Ngoyo,45,103,2019-07-11,DEF,Aston Villa,58.0,51.0
Ian_Maatsen,45,57,2024-06-28,DEF,Aston Villa,58.0,51.0
Tyrone_Mings,45,47,2019-07-08,DEF,Aston Villa,58.0,51.0
Pau_Torres,45,55,2023-07-12,DEF,Aston Villa,58.0,51.0
Andres_Garcia,40,8,2025-01-21,DEF,Aston Villa,58.0,51.0
Alex_Moreno_Lopera,40,34,2023-01-11,DEF,Aston Villa,58.0,51.0
Lamare_Bogarde,40,6,2021-01-07,DEF,Aston Villa,58.0,51.0
Lino_da_Cruz_Sousa,40,0,,DEF,Aston Villa,58.0,51.0
Yasin_Ozcan,40,0,2025-06-01,DEF,Aston Villa,58.0,51.0
Morgan_Rogers,70,161,2024-02-01,MID,Aston Villa,58.0,51.0
Youri_Tielemans,60,121,2023-06-14,MID,Aston Villa,58.0,51.0
Leon_Bailey,55,47,2021-08-04,MID,Aston Villa,58.0,51.0
Emiliano_Buendia_Stati,55,11,2021-06-10,MID,Aston Villa,58.0,51.0
Samuel_Iling_Junior,55,0,2024-07-01,MID,Aston Villa,58.0,51.0
Jacob_Ramsey,55,66,2019-02-12,MID,Aston Villa,58.0,51.0
Donyell_Malen,55,34,2025-01-14,MID,Aston Villa,58.0,51.0
John_McGinn,55,78,2018-08-08,MID,Aston Villa,58.0,51.0
Ross_Barkley,50,44,2024-07-01,MID,Aston Villa,58.0,51.0
Enzo_Barrenechea,50,0,,MID,Aston Villa,58.0,51.0
Lewis_Dobbin,50,0,2024-06-23,MID,Aston Villa,58.0,51.0
Boubacar_Kamara,50,57,2022-06-11,MID,Aston Villa,58.0,51.0
Amadou_Onana,50,65,2024-07-22,MID,Aston Villa,58.0,51.0
Ben_Broggio,45,0,,MID,Aston Villa,58.0,51.0
Leander_Dendoncker,45,0,2022-09-01,MID,Aston Villa,58.0,51.0
Jamaldeen_Jimoh_Aloba,45,0,2024-09-23,MID,Aston Villa,58.0,51.0
Kadan_Young,45,0,,MID,Aston Villa,58.0,51.0
Ollie_Watkins,90,186,2020-09-09,FWD,Aston Villa,58.0,51.0
Zepiqueno_Redmond,45,0,,FWD,Aston Villa,58.0,51.0
Max_Weiss,45,0,2025-06-25,GK,Burnley,37.7,67.16666667
Etienne_Green,40,0,2024-08-07,GK,Burnley,37.7,67.16666667
Vaclav_Hladky,40,0,2024-07-19,GK,Burnley,37.7,67.16666667
Connor_Roberts,45,0,2021-08-31,DEF,Burnley,37.7,67.16666667
Kyle_Walker,45,13,2025-07-05,DEF,Burnley,37.7,67.16666667
Hannes_Delcroix,40,0,2023-08-22,DEF,Burnley,37.7,67.16666667
Owen_Dodgson,40,0,2021-08-20,DEF,Burnley,37.7,67.16666667
Hjalmar_Ekdal,40,0,2023-01-21,DEF,Burnley,37.7,67.16666667
Maxime_Esteve,40,0,2024-06-14,DEF,Burnley,37.7,67.16666667
Quilindschy_Hartman,40,0,2025-06-26,DEF,Burnley,37.7,67.16666667
Bashir_Humphreys,40,0,2025-07-01,DEF,Burnley,37.7,67.16666667
Jordan_Beyer,40,0,2023-07-01,DEF,Burnley,37.7,67.16666667
Lucas_Pires_Silva,40,0,2024-07-16,DEF,Burnley,37.7,67.16666667
Shurandy_Sambo,40,0,2024-06-28,DEF,Burnley,37.7,67.16666667
Oliver_Sonne,40,0,2025-01-01,DEF,Burnley,37.7,67.16666667
Axel_Tuanzebe,40,27,2025-07-01,DEF,Burnley,37.7,67.16666667
Joe_Worrall,40,0,2024-08-23,DEF,Burnley,37.7,67.16666667
Jaidon_Anthony,55,0,2025-07-01,MID,Burnley,37.7,67.16666667
Manuel_Benson_Hedilazio,55,0,2022-08-04,MID,Burnley,37.7,67.16666667
Jacob_Bruun_Larsen,55,0,2025-07-11,MID,Burnley,37.7,67.16666667
Enock_Agyei,50,0,2023-01-30,MID,Burnley,37.7,67.16666667
Darko_Churlinov,50,0,2022-08-19,MID,Burnley,37.7,67.16666667
Josh_Cullen,50,0,2022-07-12,MID,Burnley,37.7,67.16666667
Marcus_Edwards,50,0,2025-07-01,MID,Burnley,37.7,67.16666667
Hannibal_Mejbri,50,0,2024-08-28,MID,Burnley,37.7,67.16666667
Luca_Koleosho,50,0,2023-07-25,MID,Burnley,37.7,67.16666667
Josh_Laurent,50,0,2024-08-30,MID,Burnley,37.7,67.16666667
Loum_Tchaouna,50,0,2025-07-02,MID,Burnley,37.7,67.16666667
Aaron_Ramsey,45,0,2023-08-22,MID,Burnley,37.7,67.16666667
Oluwaseun_Adewumi,45,0,2024-08-29,MID,Burnley,37.7,67.16666667
Jaydon_Banel,45,0,2025-02-03,MID,Burnley,37.7,67.16666667
Mike_Tresor_Ndayishimiye,45,0,2024-07-01,MID,Burnley,37.7,67.16666667
Zian_Flemming,55,0,2025-06-01,FWD,Burnley,37.7,67.16666667
Zeki_Amdouni,50,0,2023-07-19,FWD,Burnley,37.7,67.16666667
Lyle_Foster,50,0,2023-01-25,FWD,Burnley,37.7,67.16666667
Ashley_Barnes,45,0,2025-01-02,FWD,Burnley,37.7,67.16666667
Michael_Obafemi,45,0,2023-07-01,FWD,Burnley,37.7,67.16666667
Norberto_Murara_Neto,45,7,2022-08-07,GK,Bournemouth,58.0,46.0
Dorde_Petrovic,45,0,2025-07-16,GK,Bournemouth,58.0,46.0
Will_Dennis,40,0,2019-08-01,GK,Bournemouth,58.0,46.0
Callan_McKenna,40,0,2024-02-01,GK,Bournemouth,58.0,46.0
Alex_Paulsen,40,0,2024-07-01,GK,Bournemouth,58.0,46.0
Illia_Zabarnyi,50,94,2023-01-31,DEF,Bournemouth,58.0,46.0
Marcos_Senesi_Baron,45,31,2022-08-08,DEF,Bournemouth,58.0,46.0
Adam_Smith,45,57,2014-01-28,DEF,Bournemouth,58.0,46.0
Adrien_Truffert,45,0,2025-06-16,DEF,Bournemouth,58.0,46.0
Matai_Akinmboni,40,0,2025-01-03,DEF,Bournemouth,58.0,46.0
Owen_Bevan,40,0,2022-08-22,DEF,Bournemouth,58.0,46.0
James_Hill,40,17,2022-01-05,DEF,Bournemouth,58.0,46.0
Julian_Araujo_Zuniga,40,12,2024-08-13,DEF,Bournemouth,58.0,46.0
Chris_Mepham,40,0,2019-01-22,DEF,Bournemouth,58.0,46.0
Julio_Soler_Barreto,40,3,2025-01-07,DEF,Bournemouth,58.0,46.0
Justin_Kluivert,70,158,2023-07-01,MID,Bournemouth,58.0,46.0
Antoine_Semenyo,70,165,2023-01-27,MID,Bournemouth,58.0,46.0
Dango_Ouattara,60,111,2023-01-19,MID,Bournemouth,58.0,46.0
Marcus_Tavernier,55,87,2022-08-01,MID,Bournemouth,58.0,46.0
Tyler_Adams,50,58,2023-08-20,MID,Bournemouth,58.0,46.0
David_Brooks,50,52,2018-07-01,MID,Bournemouth,58.0,46.0
Ryan_Christie,50,76,2021-08-31,MID,Bournemouth,58.0,46.0
Lewis_Cook,50,82,2016-07-08,MID,Bournemouth,58.0,46.0
Philip_Billing,50,10,2019-07-29,MID,Bournemouth,58.0,46.0
Alex_Scott,50,26,2023-08-10,MID,Bournemouth,58.0,46.0
Luis_Sinisterra_Lucumi,50,23,2024-06-14,MID,Bournemouth,58.0,46.0
Romain_Faivre,45,0,2023-07-13,MID,Bournemouth,58.0,46.0
Hamed_Traore,45,0,2023-07-01,MID,Bournemouth,58.0,46.0
Dominic_Sadi,45,0,,MID,Bournemouth,58.0,46.0
Zain_Silcott_Duberry,45,1,2025-01-17,MID,Bournemouth,58.0,46.0
Ben_Winterburn,45,4,2024-11-29,MID,Bournemouth,58.0,46.0
Francisco_Evanilson_de_Lima_Barbosa,70,128,2024-08-16,FWD,Bournemouth,58.0,46.0
Enes_Unal,55,32,2024-07-01,FWD,Bournemouth,58.0,46.0
Daniel_Adu_Adjei,45,0,2022-12-19,FWD,Bournemouth,58.0,46.0
Eli_Junior_Kroupi,45,0,2025-02-02,FWD,Bournemouth,58.0,46.0
Caoimhin_Kelleher,45,45,2025-06-03,GK,Brentford,66.0,57.0
Ellery_Balcombe,40,0,2016-11-02,GK,Brentford,66.0,57.0
Matthew_Cox,40,0,2021-10-26,GK,Brentford,66.0,57.0
Julian_Eyestone,40,0,,GK,Brentford,66.0,57.0
Hakon_Rafn_Valdimarsson,40,2,2024-01-26,GK,Brentford,66.0,57.0
Nathan_Collins,50,127,2023-07-04,DEF,Brentford,66.0,57.0
Keane_Lewis_Potter,50,94,2022-07-12,DEF,Brentford,66.0,57.0
Kristoffer_Ajer,45,39,2021-07-21,DEF,Brentford,66.0,57.0
Rico_Henry,45,4,2016-08-31,DEF,Brentford,66.0,57.0
Michael_Kayode,45,27,2025-07-01,DEF,Brentford,66.0,57.0
Ethan_Pinnock,45,47,2019-07-02,DEF,Brentford,66.0,57.0
Mads_Roerslev_Rasmussen,45,36,2019-10-27,DEF,Brentford,66.0,57.0
Sepp_van_den_Berg,45,62,2024-08-22,DEF,Brentford,66.0,57.0
Benjamin_Arthur,40,0,2024-03-08,DEF,Brentford,66.0,57.0
Benjamin_Fredrick,40,0,,DEF,Brentford,66.0,57.0
Aaron_Hickey,40,0,2022-07-09,DEF,Brentford,66.0,57.0
Kim_Ji_soo,40,3,2023-07-20,DEF,Brentford,66.0,57.0
Jayden_Meghoma,40,1,2024-08-30,DEF,Brentford,66.0,57.0
Kevin_Schade,70,149,2023-07-01,MID,Brentford,66.0,57.0
Mikkel_Damsgaard,60,131,2022-08-10,MID,Brentford,66.0,57.0
Antoni_Milambo,55,0,2025-07-03,MID,Brentford,66.0,57.0
Fabio_Freitas_Gouveia_Carvalho,50,35,2024-08-12,MID,Brentford,66.0,57.0
Jordan_Henderson,50,0,2025-07-15,MID,Brentford,66.0,57.0
Vitaly_Janelt,50,73,2020-10-03,MID,Brentford,66.0,57.0
Mathias_Jensen,50,38,2019-07-10,MID,Brentford,66.0,57.0
Gustavo_Nunes_Fernandes_Gomes,50,3,2024-08-28,MID,Brentford,66.0,57.0
Frank_Onyeka,50,2,2021-07-20,MID,Brentford,66.0,57.0
Yehor_Yarmoliuk,50,43,2022-10-28,MID,Brentford,66.0,57.0
Romelle_Donovan,45,0,2025-07-01,MID,Brentford,66.0,57.0
Yunus_Emre_Konak,45,10,2024-01-11,MID,Brentford,66.0,57.0
Paris_Maghoma,45,8,2020-08-01,MID,Brentford,66.0,57.0
Myles_Peart_Harris,45,0,2021-07-23,MID,Brentford,66.0,57.0
Ryan_Trevitt,45,1,2024-01-08,MID,Brentford,66.0,57.0
Yoane_Wissa,75,185,2021-08-10,FWD,Brentford,66.0,57.0
Igor_Thiago_Nascimento_Rodrigues,60,9,2024-07-01,FWD,Brentford,66.0,57.0
Iwan_Morgan,45,0,,FWD,Brentford,66.0,57.0
Jason_Steele,45,9,2018-07-01,GK,Brighton,66.0,59.0
Bart_Verbruggen,45,103,2023-07-03,GK,Brighton,66.0,59.0
Tom_McGill,40,0,2021-02-02,GK,Brighton,66.0,59.0
Carl_Rushworth,40,0,2023-07-01,GK,Brighton,66.0,59.0
Kjell_Scherpen,40,0,2021-07-16,GK,Brighton,66.0,59.0
Olivier_Boscagli,45,0,2025-07-02,DEF,Brighton,66.0,59.0
Diego_Coppola,45,0,2025-06-17,DEF,Brighton,66.0,59.0
Maxim_De_Cuyper,45,0,2025-07-05,DEF,Brighton,66.0,59.0
Lewis_Dunk,45,44,2009-07-01,DEF,Brighton,66.0,59.0
Pervis_Estupinan_Tenorio,45,63,2022-07-16,DEF,Brighton,66.0,59.0
Ferdi_Kadioglu,45,19,2024-08-27,DEF,Brighton,66.0,59.0
Igor_Julio_dos_Santos_de_Paulo,45,18,2023-07-26,DEF,Brighton,66.0,59.0
Tariq_Lamptey,45,42,2020-01-31,DEF,Brighton,66.0,59.0
Jan_Paul_van_Hecke,45,87,2020-09-10,DEF,Brighton,66.0,59.0
Joel_Veltman,45,59,2020-07-29,DEF,Brighton,66.0,59.0
Adam_Webster,45,39,2019-08-03,DEF,Brighton,66.0,59.0
Eiran_Cashin,40,1,2025-01-31,DEF,Brighton,66.0,59.0
Jacob_Slater,40,0,,DEF,Brighton,66.0,59.0
Charlie_Tasker,40,0,,DEF,Brighton,66.0,59.0
Mitoma_Kaoru,65,145,2021-08-09,MID,Brighton,66.0,59.0
Georginio_Rutter,60,95,2024-08-19,MID,Brighton,66.0,59.0
Solly_March,60,7,2012-07-01,MID,Brighton,66.0,59.0
Yankuba_Minteh,60,102,2024-07-01,MID,Brighton,66.0,59.0
Julio_Enciso_Espinola,55,59,2022-06-17,MID,Brighton,66.0,59.0
Brajan_Gruda,55,45,2024-08-14,MID,Brighton,66.0,59.0
Jack_Hinshelwood,55,89,2022-12-30,MID,Brighton,66.0,59.0
Matt_O'Riley,55,50,2024-08-26,MID,Brighton,66.0,59.0
Abdallah_Sima,55,0,2021-08-30,MID,Brighton,66.0,59.0
Yasin_Ayari,50,74,2023-01-30,MID,Brighton,66.0,59.0
Carlos_Baleba,50,87,2023-08-29,MID,Brighton,66.0,59.0
Facundo_Buonanotte,50,75,2023-01-01,MID,Brighton,66.0,59.0
Diego_Gomez_Amarilla,50,30,2025-01-01,MID,Brighton,66.0,59.0
James_Milner,50,6,2023-07-01,MID,Brighton,66.0,59.0
Jeremy_Sarmiento_Morante,50,1,2021-09-21,MID,Brighton,66.0,59.0
Tom_Watson,50,0,2025-06-01,MID,Brighton,66.0,59.0
Mats_Wieffer,50,52,2024-07-06,MID,Brighton,66.0,59.0
Malick_Yalcouye,50,0,2024-07-12,MID,Brighton,66.0,59.0
Joe_Knight,45,0,,MID,Brighton,66.0,59.0
Adrian_Mazilu,45,0,,MID,Brighton,66.0,59.0
Andrew_Moran,45,0,2021-08-23,MID,Brighton,66.0,59.0
Danny_Welbeck,65,125,2020-10-18,FWD,Brighton,66.0,59.0
Evan_Ferguson,55,28,2021-08-23,FWD,Brighton,66.0,59.0
Stefanos_Tzimas,55,0,2025-02-03,FWD,Brighton,66.0,59.0
Charalampos_Kostoulas,50,0,2025-07-01,FWD,Brighton,66.0,59.0
Robert_Lynch_Sanchez,50,126,2023-08-05,GK,Chelsea,64.0,43.0
Filip_Jorgensen,45,18,2024-07-30,GK,Chelsea,64.0,43.0
Mike_Penders,40,0,2024-08-27,GK,Chelsea,64.0,43.0
Gabriel_Slonina,40,0,2022-08-02,GK,Chelsea,64.0,43.0
Marc_Cucurella_Saseta,60,133,2022-08-05,DEF,Chelsea,64.0,43.0
Reece_James,55,54,2019-05-15,DEF,Chelsea,64.0,43.0
Trevoh_Chalobah,50,93,2018-02-16,DEF,Chelsea,64.0,43.0
Levi_Samuels_Colwill,50,109,2022-07-01,DEF,Chelsea,64.0,43.0
Malo_Gusto,50,60,2023-01-28,DEF,Chelsea,64.0,43.0
Benoit_Badiashile_Mukinayi,45,7,2023-01-05,DEF,Chelsea,64.0,43.0
Wesley_Fofana,45,26,2022-08-31,DEF,Chelsea,64.0,43.0
Mamadou_Sarr,45,0,2025-06-09,DEF,Chelsea,64.0,43.0
Tosin_Adarabioyo,45,71,2024-07-01,DEF,Chelsea,64.0,43.0
Josh_Acheampong,40,4,2024-03-10,DEF,Chelsea,64.0,43.0
Aaron_Anselmino,40,0,2024-08-08,DEF,Chelsea,64.0,43.0
Cole_Palmer,105,214,2023-09-01,MID,Chelsea,64.0,43.0
Pedro_Lomba_Neto,70,104,2024-08-11,MID,Chelsea,64.0,43.0
Enzo_Fernandez,65,135,2023-01-31,MID,Chelsea,64.0,43.0
Estevao_Almeida_de_Oliveira_Goncalves,65,0,2025-07-14,MID,Chelsea,64.0,43.0
Jamie_Bynoe_Gittens,65,0,2025-07-05,MID,Chelsea,64.0,43.0
Christopher_Nkunku,60,60,2023-07-01,MID,Chelsea,64.0,43.0
Moises_Caicedo_Corozo,55,98,2023-08-14,MID,Chelsea,64.0,43.0
Kiernan_Dewsbury_Hall,50,18,2024-07-02,MID,Chelsea,64.0,43.0
Tyrique_George,50,17,2024-04-15,MID,Chelsea,64.0,43.0
Romeo_Lavia,50,26,2023-08-18,MID,Chelsea,64.0,43.0
Mykhailo_Mudryk,50,7,2023-01-15,MID,Chelsea,64.0,43.0
Andrey_Nascimento_dos_Santos,45,0,2023-01-07,MID,Chelsea,64.0,43.0
Dario_Luis_Essugo,45,0,2025-06-02,MID,Chelsea,64.0,43.0
Kendry_Paez_Andrade,45,0,,MID,Chelsea,64.0,43.0
Joao_Pedro_Junqueira_de_Jesus,75,126,2025-07-02,FWD,Chelsea,64.0,43.0
Liam_Delap,65,132,2025-06-04,FWD,Chelsea,64.0,43.0
Nicolas_Jackson,65,121,2023-07-01,FWD,Chelsea,64.0,43.0
Marc_Guiu_Paz,45,3,2024-07-01,FWD,Chelsea,64.0,43.0
Jorrel_Hato,50,0,2025-08-03,DEF,Chelsea,64.0,43.0
Dean_Henderson,50,135,2023-08-31,GK,Crystal Palace,51.0,51.0
Walter_Benitez,40,0,2025-07-01,GK,Crystal Palace,51.0,51.0
Remi_Matthews,40,0,2021-07-13,GK,Crystal Palace,51.0,51.0
Daniel_Munoz_Mejia,55,142,2024-01-30,DEF,Crystal Palace,51.0,51.0
Maxence_Lacroix,50,114,2024-08-30,DEF,Crystal Palace,51.0,51.0
Tyrick_Mitchell,50,123,2019-12-15,DEF,Crystal Palace,51.0,51.0
Borna_Sosa,50,0,2025-07-11,DEF,Crystal Palace,51.0,51.0
Marc_Guehi,45,116,2021-07-18,DEF,Crystal Palace,51.0,51.0
Chris_Richards,45,68,2022-07-27,DEF,Crystal Palace,51.0,51.0
Chadi_Riad_Dnanou,40,1,2024-07-02,DEF,Crystal Palace,51.0,51.0
Nathaniel_Clyne,40,18,2020-10-14,DEF,Crystal Palace,51.0,51.0
Rob_Holding,40,0,2023-09-01,DEF,Crystal Palace,51.0,51.0
Caleb_Kporha,40,2,2024-07-30,DEF,Crystal Palace,51.0,51.0
Eberechi_Eze,75,148,2020-08-28,MID,Crystal Palace,51.0,51.0
Ismaila_Sarr,65,149,2024-08-01,MID,Crystal Palace,51.0,51.0
Cheick_Doucoure,50,19,2022-07-11,MID,Crystal Palace,51.0,51.0
Romain_Esse,50,22,2025-01-18,MID,Crystal Palace,51.0,51.0
Will_Hughes,50,67,2021-08-28,MID,Crystal Palace,51.0,51.0
Daichi_Kamada,50,45,2024-07-01,MID,Crystal Palace,51.0,51.0
Jefferson_Lerma_Solis,50,58,2023-07-01,MID,Crystal Palace,51.0,51.0
Adam_Wharton,50,42,2024-02-01,MID,Crystal Palace,51.0,51.0
Asher_Agbinone,45,2,2024-07-30,MID,Crystal Palace,51.0,51.0
Naouirou_Ahamada,45,0,2023-01-31,MID,Crystal Palace,51.0,51.0
Justin_Devenny,45,34,2024-03-13,MID,Crystal Palace,51.0,51.0
Malcolm_Ebiowei,45,0,2022-07-01,MID,Crystal Palace,51.0,51.0
Jesurun_Rak_Sakyi,45,0,2021-04-09,MID,Crystal Palace,51.0,51.0
Matheus_Franca_de_Oliveira,45,9,2023-08-05,MID,Crystal Palace,51.0,51.0
David_Ozoh,45,0,2022-07-11,MID,Crystal Palace,51.0,51.0
Kaden_Rodney,45,0,2022-07-08,MID,Crystal Palace,51.0,51.0
Franco_Umeh_Chibueze,45,0,2024-02-18,MID,Crystal Palace,51.0,51.0
Jean_Philippe_Mateta,75,150,2022-01-31,FWD,Crystal Palace,51.0,51.0
Eddie_Nketiah,55,53,2024-08-30,FWD,Crystal Palace,51.0,51.0
Odsonne_Edouard,50,7,2021-08-31,FWD,Crystal Palace,51.0,51.0
Zach_Marsh,45,0,2023-07-18,FWD,Crystal Palace,51.0,51.0
Jordan_Pickford,55,158,2017-07-01,GK,Everton,42.0,44.0
Mark_Travers,45,19,2025-07-15,GK,Everton,42.0,44.0
Harry_Tyrer,40,0,2021-02-09,GK,Everton,42.0,44.0
Jarrad_Branthwaite,55,88,2020-06-20,DEF,Everton,42.0,44.0
James_Tarkowski,55,105,2022-07-01,DEF,Everton,42.0,44.0
Vitalii_Mykolenko,50,121,2022-01-01,DEF,Everton,42.0,44.0
Jake_O'Brien,50,65,2024-07-30,DEF,Everton,42.0,44.0
Seamus_Coleman,45,5,2009-02-02,DEF,Everton,42.0,44.0
Michael_Keane,45,48,2017-07-03,DEF,Everton,42.0,44.0
Nathan_Patterson,45,14,2022-01-04,DEF,Everton,42.0,44.0
Roman_Dixon,40,0,,DEF,Everton,42.0,44.0
Reece_Welch,40,0,,DEF,Everton,42.0,44.0
Iliman_Ndiaye,65,114,2024-07-03,MID,Everton,42.0,44.0
Dwight_McNeil,60,93,2022-07-28,MID,Everton,42.0,44.0
Carlos_Alcaraz_Duran,55,44,2025-07-01,MID,Everton,42.0,44.0
Idrissa_Gana_Gueye,55,89,2022-09-01,MID,Everton,42.0,44.0
James_Garner,50,42,2022-09-01,MID,Everton,42.0,44.0
Tim_Iroegbunam,50,22,2024-06-22,MID,Everton,42.0,44.0
Harrison_Armstrong,45,2,2024-08-09,MID,Everton,42.0,44.0
Callum_Bates,45,0,,MID,Everton,42.0,44.0
Coby_Ebere,45,0,,MID,Everton,42.0,44.0
Isaac_Heath,45,0,2025-02-07,MID,Everton,42.0,44.0
Jenson_Metcalfe,45,0,,MID,Everton,42.0,44.0
Thierno_Barry,60,0,2025-07-09,FWD,Everton,42.0,44.0
Norberto_Bercique_Gomes_Betuncal,55,87,2023-08-29,FWD,Everton,42.0,44.0
Youssef_Ramalho_Chermiti,50,3,2023-08-11,FWD,Everton,42.0,44.0
Martin_Sherif,45,0,,FWD,Everton,42.0,44.0
Adam_Aznou,45,0,2025-07-29,DEF,Everton,42.0,44.0
Bernd_Leno,50,115,2022-08-02,GK,Fulham,54.0,54.0
Steven_Benda,40,0,2023-08-30,GK,Fulham,54.0,54.0
Antonee_Robinson,50,106,2020-08-20,DEF,Fulham,54.0,54.0
Joachim_Andersen,45,51,2024-08-23,DEF,Fulham,54.0,54.0
Calvin_Bassey,45,75,2023-07-28,DEF,Fulham,54.0,54.0
Timothy_Castagne,45,46,2023-08-29,DEF,Fulham,54.0,54.0
Issa_Diop,45,31,2022-08-10,DEF,Fulham,54.0,54.0
Jorge_Cuenca_Barreno,45,9,2024-08-03,DEF,Fulham,54.0,54.0
Kenny_Tete,45,49,2020-09-10,DEF,Fulham,54.0,54.0
Samuel_Amissah,40,0,,DEF,Fulham,54.0,54.0
Alex_Iwobi,65,156,2023-09-01,MID,Fulham,54.0,54.0
Emile_Smith_Rowe,60,114,2024-08-02,MID,Fulham,54.0,54.0
Adama_Traore_Diarra,55,95,2023-08-12,MID,Fulham,54.0,54.0
Andreas_Hoelgebaum_Pereira,55,81,2022-07-11,MID,Fulham,54.0,54.0
Ryan_Sessegnon,55,57,2024-07-26,MID,Fulham,54.0,54.0
Harry_Wilson,55,78,2021-07-24,MID,Fulham,54.0,54.0
Sander_Berge,50,53,2024-08-22,MID,Fulham,54.0,54.0
Tom_Cairney,50,33,2015-07-07,MID,Fulham,54.0,54.0
Sasa_Lukic,50,56,2023-01-31,MID,Fulham,54.0,54.0
Martial_Godo,45,2,2022-08-22,MID,Fulham,54.0,54.0
Luke_Harris,45,0,2022-08-05,MID,Fulham,54.0,54.0
Josh_King,45,10,2024-02-02,MID,Fulham,54.0,54.0
Harrison_Reed,45,10,2020-08-30,MID,Fulham,54.0,54.0
Raul_Jimenez_Rodriguez,65,147,2023-07-25,FWD,Fulham,54.0,54.0
Rodrigo_Muniz_Carvalho,55,86,2021-08-20,FWD,Fulham,54.0,54.0
Benjamin_Lecomte,40,0,2025-07-26,GK,Fulham,54.0,54.0
Illan_Meslier,45,0,2020-07-27,GK,Leeds,37.7,67.16666667
Alex_Cairns,40,0,2024-07-08,GK,Leeds,37.7,67.16666667
Karl_Darlow,40,0,2023-07-29,GK,Leeds,37.7,67.16666667
Jayden_Bogle,45,0,2024-07-20,DEF,Leeds,37.7,67.16666667
Pascal_Struijk,45,0,2018-04-12,DEF,Leeds,37.7,67.16666667
Jaka_Bijol,40,0,2025-06-23,DEF,Leeds,37.7,67.16666667
Sebastiaan_Bornauw,40,0,2025-07-01,DEF,Leeds,37.7,67.16666667
Sam_Byram,40,0,2023-08-05,DEF,Leeds,37.7,67.16666667
Gabriel_Gudmundsson,40,0,2025-07-08,DEF,Leeds,37.7,67.16666667
Joe_Rodon,40,0,2024-07-02,DEF,Leeds,37.7,67.16666667
Isaac_Schmidt,40,0,2024-08-30,DEF,Leeds,37.7,67.16666667
Brenden_Aaronson,55,0,2022-07-01,MID,Leeds,37.7,67.16666667
Wilfried_Gnonto,55,0,2022-09-01,MID,Leeds,37.7,67.16666667
Jack_Harrison,55,81,2021-07-02,MID,Leeds,37.7,67.16666667
Daniel_James,55,0,2021-08-31,MID,Leeds,37.7,67.16666667
Ethan_Ampadu,50,0,2023-07-19,MID,Leeds,37.7,67.16666667
Sam_Greenwood,50,0,2021-01-09,MID,Leeds,37.7,67.16666667
Ilia_Gruev,50,0,2023-08-31,MID,Leeds,37.7,67.16666667
Largie_Ramazani,50,0,2024-08-22,MID,Leeds,37.7,67.16666667
Tanaka_Ao,50,0,2024-08-30,MID,Leeds,37.7,67.16666667
Charlie_Crew,45,0,2024-03-28,MID,Leeds,37.7,67.16666667
Joe_Gelhardt,45,0,2021-02-07,MID,Leeds,37.7,67.16666667
Darko_Gyabi,45,0,2022-07-04,MID,Leeds,37.7,67.16666667
Joel_Piroe,55,0,2023-08-24,FWD,Leeds,37.7,67.16666667
Patrick_Bamford,50,0,2018-07-31,FWD,Leeds,37.7,67.16666667
Mateo_Joseph_Fernandez_Regatillo,50,0,2022-11-04,FWD,Leeds,37.7,67.16666667
Lukas_Nmecha,50,0,2025-07-01,FWD,Leeds,37.7,67.16666667
Sean_Longstaff,50,34,2025-07-18,MID,Leeds,37.7,67.16666667
Anton_Stach,50,0,2025-07-22,MID,Leeds,37.7,67.16666667
Lucas_Estella_Perri,45,0,2025-07-26,GK,Leeds,37.7,67.16666667
Alisson_Becker,55,112,2018-07-19,GK,Liverpool,86.0,41.0
Giorgi_Mamardashvili,45,0,2024-08-27,GK,Liverpool,86.0,41.0
Armin_Pecsi,40,0,2025-06-07,GK,Liverpool,86.0,41.0
Freddie_Woodman,40,0,2025-07-01,GK,Liverpool,86.0,41.0
Jeremie_Frimpong,60,0,2025-06-01,DEF,Liverpool,86.0,41.0
Milos_Kerkez,60,134,2025-06-26,DEF,Liverpool,86.0,41.0
Andrew_Robertson,60,91,2017-07-21,DEF,Liverpool,86.0,41.0
Virgil_van_Dijk,60,143,2018-01-01,DEF,Liverpool,86.0,41.0
Ibrahima_Konate,55,106,2021-07-01,DEF,Liverpool,86.0,41.0
Conor_Bradley,50,41,2023-09-25,DEF,Liverpool,86.0,41.0
Joe_Gomez,50,14,2015-06-20,DEF,Liverpool,86.0,41.0
Konstantinos_Tsimikas,50,43,2020-08-10,DEF,Liverpool,86.0,41.0
Amara_Nallo,40,0,2024-02-27,DEF,Liverpool,86.0,41.0
Rhys_Williams,40,0,2020-09-23,DEF,Liverpool,86.0,41.0
Calvin_Ramsay,40,0,2022-06-19,DEF,Liverpool,86.0,41.0
Mohamed_Salah,145,344,2017-07-01,MID,Liverpool,86.0,41.0
Florian_Wirtz,85,0,2025-06-20,MID,Liverpool,86.0,41.0
Luis_Diaz_Marulanda,80,183,2022-01-30,MID,Liverpool,86.0,41.0
Cody_Gakpo,75,127,2023-01-01,MID,Liverpool,86.0,41.0
Federico_Chiesa,65,7,2024-08-29,MID,Liverpool,86.0,41.0
Alexis_Mac_Allister,65,122,2023-06-14,MID,Liverpool,86.0,41.0
Dominik_Szoboszlai,65,143,2023-07-02,MID,Liverpool,86.0,41.0
Curtis_Jones,55,87,2018-04-06,MID,Liverpool,86.0,41.0
Harvey_Elliott,55,33,2019-07-28,MID,Liverpool,86.0,41.0
Ryan_Gravenberch,55,92,2023-09-01,MID,Liverpool,86.0,41.0
Ben_Doak,50,0,2022-11-08,MID,Liverpool,86.0,41.0
Endo_Wataru,50,21,2023-08-18,MID,Liverpool,86.0,41.0
Stefan_Bajcetic_Maquieira,45,0,2022-07-11,MID,Liverpool,86.0,41.0
James_McConnell,45,0,,MID,Liverpool,86.0,41.0
Tyler_Morton,45,0,2021-07-22,MID,Liverpool,86.0,41.0
Trey_Nyoni,45,0,2023-11-11,MID,Liverpool,86.0,41.0
Darwin_Nunez_Ribeiro,65,66,2022-06-14,FWD,Liverpool,86.0,41.0
Jayden_Danns,45,1,,FWD,Liverpool,86.0,41.0
Hugo_Ekitike,85,0,2025-07-23,FWD,Liverpool,86.0,41.0
James_Trafford,50,0,2025-07-29,GK,Man City,72.0,44.0
Ederson_Santana_de_Moraes,55,111,2017-07-01,GK,Man City,72.0,44.0
Stefan_Ortega_Moreno,50,35,2022-07-01,GK,Man City,72.0,44.0
Marcus_Bettinelli,40,0,2025-06-10,GK,Man City,72.0,44.0
Rayan_Ait_Nouri,60,125,2025-06-09,DEF,Man City,72.0,44.0
Josko_Gvardiol,60,153,2023-08-05,DEF,Man City,72.0,44.0
Manuel_Akanji,55,61,2022-09-01,DEF,Man City,72.0,44.0
Nathan_Ake,55,25,2020-08-05,DEF,Man City,72.0,44.0
Abdukodir_Khusanov,55,14,2025-01-20,DEF,Man City,72.0,44.0
Matheus_Nunes,55,81,2023-09-01,DEF,Man City,72.0,44.0
Ruben_dos_Santos_Gato_Alves_Dias,55,90,2020-09-29,DEF,Man City,72.0,44.0
John_Stones,55,29,2016-08-09,DEF,Man City,72.0,44.0
Rico_Lewis,50,66,2022-07-16,DEF,Man City,72.0,44.0
Nico_O'Reilly,50,31,2022-12-16,DEF,Man City,72.0,44.0
Vitor_de_Oliveira_Nunes_dos_Reis,50,1,2025-01-21,DEF,Man City,72.0,44.0
Omar_Marmoush,85,73,2025-01-23,MID,Man City,72.0,44.0
Phil_Foden,80,105,2016-12-05,MID,Man City,72.0,44.0
Savio_Moreira_de_Oliveira,70,106,2024-07-18,MID,Man City,72.0,44.0
Bernardo_Mota_Veiga_de_Carvalho_e_Silva,65,110,2017-07-01,MID,Man City,72.0,44.0
Rayan_Cherki,65,0,2025-06-10,MID,Man City,72.0,44.0
Jeremy_Doku,65,88,2023-08-24,MID,Man City,72.0,44.0
Jack_Grealish,65,38,2021-08-05,MID,Man City,72.0,44.0
Ilkay_Gundogan,65,97,2024-08-23,MID,Man City,72.0,44.0
Rodrigo_'Rodri'_Hernandez_Cascante,65,3,2019-07-04,MID,Man City,72.0,44.0
Mateo_Kovacic,60,109,2023-06-27,MID,Man City,72.0,44.0
Nico_Gonzalez_Iglesias,60,31,2025-02-03,MID,Man City,72.0,44.0
Oscar_Bobb,55,3,2022-01-06,MID,Man City,72.0,44.0
Claudio_Echeverri,55,1,2024-01-25,MID,Man City,72.0,44.0
James_McAtee,55,31,2021-07-26,MID,Man City,72.0,44.0
Tijjani_Reijnders,55,0,2025-06-10,MID,Man City,72.0,44.0
Sverre_Nypan,50,0,2025-07-17,MID,Man City,72.0,44.0
Kalvin_Phillips,50,27,2022-07-04,MID,Man City,72.0,44.0
Erling_Haaland,140,181,2022-07-01,FWD,Man City,72.0,44.0
Bryan_Mbeumo,80,236,2025-07-21,MID,Man Utd,44.0,54.0
Altay_Bayindir,50,8,2023-09-01,GK,Man Utd,44.0,54.0
Andre_Onana,50,120,2023-07-20,GK,Man Utd,44.0,54.0
Elyh_Harrison,40,0,,GK,Man Utd,44.0,54.0
Tom_Heaton,40,0,2021-07-02,GK,Man Utd,44.0,54.0
Dermot_Mee,40,0,2023-07-24,GK,Man Utd,44.0,54.0
Matthijs_de_Ligt,50,68,2024-08-13,DEF,Man Utd,44.0,54.0
Lisandro_Martinez,50,68,2022-07-17,DEF,Man Utd,44.0,54.0
Noussair_Mazraoui,50,88,2024-08-13,DEF,Man Utd,44.0,54.0
Diego_Leon_Blanco,45,0,2025-07-05,DEF,Man Utd,44.0,54.0
Diogo_Dalot_Teixeira,45,95,2018-06-08,DEF,Man Utd,44.0,54.0
Patrick_Dorgu,45,18,2025-02-02,DEF,Man Utd,44.0,54.0
Harry_Maguire,45,48,2019-08-05,DEF,Man Utd,44.0,54.0
Luke_Shaw,45,5,2014-07-01,DEF,Man Utd,44.0,54.0
Leny_Yoro,45,22,2024-07-19,DEF,Man Utd,44.0,54.0
Harry_Amass,40,4,2024-04-06,DEF,Man Utd,44.0,54.0
Tyler_Fredricson,40,2,2022-09-07,DEF,Man Utd,44.0,54.0
Ayden_Heaven,40,10,2025-02-01,DEF,Man Utd,44.0,54.0
Tyrell_Malacia,40,2,2022-07-05,DEF,Man Utd,44.0,54.0
Bruno_Borges_Fernandes,90,174,2020-01-30,MID,Man Utd,44.0,54.0
Matheus_Santos_Carneiro_da_Cunha,80,178,2025-06-01,MID,Man Utd,44.0,54.0
Marcus_Rashford,70,95,2015-07-01,MID,Man Utd,44.0,54.0
Amad_Diallo,65,129,2021-01-07,MID,Man Utd,44.0,54.0
Alejandro_Garnacho_Ferreyra,65,106,2022-04-15,MID,Man Utd,44.0,54.0
Antony_dos_Santos,60,8,2022-09-01,MID,Man Utd,44.0,54.0
Mason_Mount,60,25,2023-07-05,MID,Man Utd,44.0,54.0
Jadon_Sancho,60,86,2021-07-23,MID,Man Utd,44.0,54.0
Carlos_Henrique_Casimiro,55,48,2022-08-22,MID,Man Utd,44.0,54.0
Kobbie_Mainoo,50,42,2022-10-15,MID,Man Utd,44.0,54.0
Manuel_Ugarte_Ribeiro,50,49,2024-08-30,MID,Man Utd,44.0,54.0
Toby_Collyer,45,6,2023-07-01,MID,Man Utd,44.0,54.0
Jayce_Fitzgerald,45,0,,MID,Man Utd,44.0,54.0
Jack_Fletcher,45,0,2024-07-12,MID,Man Utd,44.0,54.0
Sekou_Kone,45,0,2025-02-15,MID,Man Utd,44.0,54.0
Jack_Moorhouse,45,0,,MID,Man Utd,44.0,54.0
Rasmus_Hojlund,65,78,2023-08-05,FWD,Man Utd,44.0,54.0
Joshua_Zirkzee,60,64,2024-07-17,FWD,Man Utd,44.0,54.0
Chido_Obi,45,7,2025-02-15,FWD,Man Utd,44.0,54.0
Ethan_Wheatley,45,0,2024-04-12,FWD,Man Utd,44.0,54.0
Nick_Pope,50,102,2022-06-23,GK,Newcastle,68.0,47.0
Martin_Dubravka,40,44,2018-07-01,GK,Newcastle,68.0,47.0
Mark_Gillespie,40,0,2020-07-27,GK,Newcastle,68.0,47.0
Odysseas_Vlachodimos,40,0,2024-07-01,GK,Newcastle,68.0,47.0
Lewis_Hall,55,102,2024-07-01,DEF,Newcastle,68.0,47.0
Fabian_Schar,55,118,2018-07-26,DEF,Newcastle,68.0,47.0
Sven_Botman,50,18,2022-06-28,DEF,Newcastle,68.0,47.0
Dan_Burn,50,115,2022-01-31,DEF,Newcastle,68.0,47.0
Tino_Livramento,50,105,2023-08-08,DEF,Newcastle,68.0,47.0
Kieran_Trippier,50,72,2022-01-07,DEF,Newcastle,68.0,47.0
Emil_Krafth,45,17,2019-08-08,DEF,Newcastle,68.0,47.0
Jamaal_Lascelles,45,0,2014-08-04,DEF,Newcastle,68.0,47.0
Alex_Murphy,40,0,2023-07-19,DEF,Newcastle,68.0,47.0
Harrison_Ashby,40,0,2023-01-31,DEF,Newcastle,68.0,47.0
Miodrag_Pivas,40,0,,DEF,Newcastle,68.0,47.0
Matt_Targett,40,2,2022-07-01,DEF,Newcastle,68.0,47.0
Anthony_Gordon,75,124,2023-01-29,MID,Newcastle,68.0,47.0
Anthony_Elanga,70,153,2025-07-11,MID,Newcastle,68.0,47.0
Harvey_Barnes,65,130,2023-07-23,MID,Newcastle,68.0,47.0
Bruno_Guimaraes_Rodriguez_Moura,65,135,2022-01-30,MID,Newcastle,68.0,47.0
Jacob_Murphy,65,159,2017-07-19,MID,Newcastle,68.0,47.0
Joelinton_Cassio_Apolinario_de_Lira,60,99,2019-07-24,MID,Newcastle,68.0,47.0
Sandro_Tonali,55,106,2023-07-03,MID,Newcastle,68.0,47.0
Antonito_Cordero_Campillo,50,0,2025-07-01,MID,Newcastle,68.0,47.0
Joe_Willock,50,46,2021-08-13,MID,Newcastle,68.0,47.0
Isaac_Hayden,45,0,2016-07-11,MID,Newcastle,68.0,47.0
Garang_Kuol,45,0,,MID,Newcastle,68.0,47.0
Lewis_Miley,45,21,2023-02-01,MID,Newcastle,68.0,47.0
Joe_White,45,0,2024-01-29,MID,Newcastle,68.0,47.0
Alexander_Isak,105,211,2022-08-26,FWD,Newcastle,68.0,47.0
William_Osula,55,19,2024-08-08,FWD,Newcastle,68.0,47.0
Sean_Neave,45,0,2025-02-07,FWD,Newcastle,68.0,47.0
Matz_Sels,50,150,2024-02-01,GK,Nott'm Forest,58.0,46.0
Carlos_Miguel_dos_Santos_Pereira,40,0,2024-07-09,GK,Nott'm Forest,58.0,46.0
Matt_Turner,40,0,2023-08-09,GK,Nott'm Forest,58.0,46.0
Nikola_Milenkovic,55,145,2024-07-18,DEF,Nott'm Forest,58.0,46.0
Murillo_Costa_dos_Santos,55,130,2023-08-31,DEF,Nott'm Forest,58.0,46.0
Ola_Aina,50,128,2023-07-22,DEF,Nott'm Forest,58.0,46.0
Neco_Williams,50,109,2022-07-11,DEF,Nott'm Forest,58.0,46.0
David_Mota_Veiga_Teixeira_do_Carmo,45,0,2024-08-25,DEF,Nott'm Forest,58.0,46.0
Jair_Paula_da_Cunha_Filho,45,0,2025-07-11,DEF,Nott'm Forest,58.0,46.0
Felipe_Rodrigues_da_Silva,45,36,2024-08-30,DEF,Nott'm Forest,58.0,46.0
Omar_Richards,45,0,2022-07-10,DEF,Nott'm Forest,58.0,46.0
Zach_Abbott,40,0,,DEF,Nott'm Forest,58.0,46.0
Willy_Boly,40,6,2022-09-01,DEF,Nott'm Forest,58.0,46.0
Morgan_Gibbs_White,75,154,2022-08-19,MID,Nott'm Forest,58.0,46.0
Callum_Hudson_Odoi,60,103,2023-09-01,MID,Nott'm Forest,58.0,46.0
Elliot_Anderson,55,107,2024-07-01,MID,Nott'm Forest,58.0,46.0
Joao_Pedro_Ferreira_da_Silva,55,52,2024-08-01,MID,Nott'm Forest,58.0,46.0
Nicolas_Dominguez,50,54,2023-09-01,MID,Nott'm Forest,58.0,46.0
Lewis_O'Brien,50,0,2022-07-20,MID,Nott'm Forest,58.0,46.0
Ibrahim_Sangare,50,20,2023-09-01,MID,Nott'm Forest,58.0,46.0
Ryan_Yates,50,67,2018-08-01,MID,Nott'm Forest,58.0,46.0
Eric_da_Silva_Moreira,45,2,2024-07-01,MID,Nott'm Forest,58.0,46.0
Marko_Stamenic,45,0,2024-06-27,MID,Nott'm Forest,58.0,46.0
Chris_Wood,75,200,2023-07-01,FWD,Nott'm Forest,58.0,46.0
Igor_Jesus_Maciel_da_Cruz,60,0,2025-07-05,FWD,Nott'm Forest,58.0,46.0
Taiwo_Awoniyi,55,32,2022-06-25,FWD,Nott'm Forest,58.0,46.0
Dan_Ndoye,60,0,2025-07-31,MID,Nott'm Forest,58.0,46.0
Anthony_Patterson,45,0,2018-10-09,GK,Sunderland,37.7,67.16666667
Simon_Moore,40,0,2024-07-01,GK,Sunderland,37.7,67.16666667
Blondy_Nna_Noukeu,40,0,2024-08-02,GK,Sunderland,37.7,67.16666667
Daniel_Ballard,45,0,2022-07-01,DEF,Sunderland,37.7,67.16666667
Trai_Hume,45,0,2022-01-04,DEF,Sunderland,37.7,67.16666667
Aji_Alese,40,0,2022-07-15,DEF,Sunderland,37.7,67.16666667
Joe_Anderson,40,0,2023-01-31,DEF,Sunderland,37.7,67.16666667
Dennis_Cirkin,40,0,2021-08-11,DEF,Sunderland,37.7,67.16666667
Leo_Fuhr_Hjelde,40,0,2024-01-30,DEF,Sunderland,37.7,67.16666667
Niall_Huggins,40,0,2021-08-20,DEF,Sunderland,37.7,67.16666667
Zak_Johnson,40,0,2021-10-12,DEF,Sunderland,37.7,67.16666667
Luke_O'Nien,40,0,2018-07-30,DEF,Sunderland,37.7,67.16666667
Timothee_Pembele,40,0,2023-09-01,DEF,Sunderland,37.7,67.16666667
Reinildo_Mandava,40,0,2025-07-08,DEF,Sunderland,37.7,67.16666667
Jenson_Seelt,40,0,2023-07-01,DEF,Sunderland,37.7,67.16666667
Simon_Adingra,55,60,2025-07-10,MID,Sunderland,37.7,67.16666667
Habib_Diarra,55,0,2025-07-01,MID,Sunderland,37.7,67.16666667
Patrick_Roberts,55,0,2022-01-21,MID,Sunderland,37.7,67.16666667
Milan_Aleksic,50,0,2024-08-30,MID,Sunderland,37.7,67.16666667
Enzo_Le_Fee,50,0,2025-07-01,MID,Sunderland,37.7,67.16666667
Romaine_Mundle,50,0,2024-02-01,MID,Sunderland,37.7,67.16666667
Dan_Neil,50,0,2018-11-01,MID,Sunderland,37.7,67.16666667
Ian_Poveda_Ocampo,50,0,2024-07-24,MID,Sunderland,37.7,67.16666667
Chris_Rigg,50,0,2022-12-31,MID,Sunderland,37.7,67.16666667
Noah_Sadiki,50,0,2025-07-04,MID,Sunderland,37.7,67.16666667
Chemsdine_Talbi,50,0,2025-07-09,MID,Sunderland,37.7,67.16666667
Abdoullah_Ba,45,0,2022-08-31,MID,Sunderland,37.7,67.16666667
Alan_Browne,45,0,2024-07-11,MID,Sunderland,37.7,67.16666667
Pierre_Ekwah_Elimby,45,0,2023-01-23,MID,Sunderland,37.7,67.16666667
Harrison_Jones,45,0,2024-01-01,MID,Sunderland,37.7,67.16666667
Jay_Matete,45,0,2022-01-31,MID,Sunderland,37.7,67.16666667
Nectarios_Triantis,45,0,2023-07-01,MID,Sunderland,37.7,67.16666667
Wilson_Isidor,55,0,2025-02-01,FWD,Sunderland,37.7,67.16666667
Eliezer_Mayenda_Dossou,55,0,2023-07-28,FWD,Sunderland,37.7,67.16666667
Ahmed_Abdullahi,45,0,2024-08-31,FWD,Sunderland,37.7,67.16666667
Luis_Hemir_Silva_Semedo,45,0,2023-07-01,FWD,Sunderland,37.7,67.16666667
Nazarii_Rusyn,45,0,2023-09-01,FWD,Sunderland,37.7,67.16666667
Granit_Xhaka,50,0,2025-07-30,MID,Sunderland,37.7,67.16666667
Robin_Roefs,45,0,2025-08-01,GK,Sunderland,37.7,67.16666667
Guglielmo_Vicario,50,66,2023-07-01,GK,Spurs,64.0,65.0
Brandon_Austin,40,1,2017-07-22,GK,Spurs,64.0,65.0
Antonin_Kinsky,40,17,2025-01-05,GK,Spurs,64.0,65.0
Pedro_Porro_Sauceda,55,98,2023-07-01,DEF,Spurs,64.0,65.0
Cristian_Romero,50,49,2022-08-30,DEF,Spurs,64.0,65.0
Kevin_Danso,45,16,2025-07-01,DEF,Spurs,64.0,65.0
Ben_Davies,45,28,2014-07-23,DEF,Spurs,64.0,65.0
Radu_Dragusin,45,24,2024-01-11,DEF,Spurs,64.0,65.0
Djed_Spence,45,51,2022-07-19,DEF,Spurs,64.0,65.0
Destiny_Udogie,45,43,2022-08-16,DEF,Spurs,64.0,65.0
Micky_van_de_Ven,45,32,2023-08-08,DEF,Spurs,64.0,65.0
Ashley_Phillips,40,0,2023-08-05,DEF,Spurs,64.0,65.0
Takai_Kota,40,0,2025-07-08,DEF,Spurs,64.0,65.0
Luka_Vuskovic,40,0,2025-06-01,DEF,Spurs,64.0,65.0
Son_Heung_min,85,129,2015-08-28,MID,Spurs,64.0,65.0
Brennan_Johnson,70,137,2023-09-01,MID,Spurs,64.0,65.0
James_Maddison,70,133,2023-06-28,MID,Spurs,64.0,65.0
Mohammed_Kudus,65,106,2025-07-10,MID,Spurs,64.0,65.0
Dejan_Kulusevski,65,117,2023-07-01,MID,Spurs,64.0,65.0
Mathys_Tel,65,42,2025-07-01,MID,Spurs,64.0,65.0
Rodrigo_Bentancur,55,49,2022-01-31,MID,Spurs,64.0,65.0
Lucas_Bergvall,55,44,2024-07-01,MID,Spurs,64.0,65.0
Yves_Bissouma,55,50,2022-06-17,MID,Spurs,64.0,65.0
Wilson_Odobert,55,34,2024-08-16,MID,Spurs,64.0,65.0
Manor_Solomon,55,0,2023-07-11,MID,Spurs,64.0,65.0
Bryan_Gil_Salvatierra,50,0,2021-07-26,MID,Spurs,64.0,65.0
Archie_Gray,50,45,2024-07-02,MID,Spurs,64.0,65.0
Mikey_Moore,50,19,2024-05-01,MID,Spurs,64.0,65.0
Pape_Matar_Sarr,50,71,2021-08-27,MID,Spurs,64.0,65.0
Yang_Min_hyeok,45,0,2025-01-01,MID,Spurs,64.0,65.0
Callum_Olusesi,45,0,2024-11-06,MID,Spurs,64.0,65.0
Dominic_Solanke_Mitchell,75,108,2024-08-10,FWD,Spurs,64.0,65.0
Richarlison_de_Andrade,65,35,2022-07-01,FWD,Spurs,64.0,65.0
Will_Lankshear,45,3,2022-12-08,FWD,Spurs,64.0,65.0
Dane_Scarlett,45,6,2020-08-21,FWD,Spurs,64.0,65.0
Alphonse_Areola,45,69,2022-07-01,GK,West Ham,46.0,62.0
Wes_Foderingham,40,0,2024-07-01,GK,West Ham,46.0,62.0
Krisztian_Hegyi,40,0,2022-08-24,GK,West Ham,46.0,62.0
El_Hadji_Malick_Diouf,45,0,2025-07-15,DEF,West Ham,46.0,62.0
Emerson_Palmieri_dos_Santos,45,76,2022-08-23,DEF,West Ham,46.0,62.0
Maximilian_Kilman,45,82,2024-07-05,DEF,West Ham,46.0,62.0
Konstantinos_Mavropanos,45,45,2023-08-22,DEF,West Ham,46.0,62.0
Nayef_Aguerd,45,0,2022-06-21,DEF,West Ham,46.0,62.0
Ollie_Scarles,45,29,2022-10-01,DEF,West Ham,46.0,62.0
Jean_Clair_Todibo,45,54,2025-07-01,DEF,West Ham,46.0,62.0
Aaron_Wan_Bissaka,45,118,2024-08-13,DEF,West Ham,46.0,62.0
Kaelan_Casey,40,1,2022-11-01,DEF,West Ham,46.0,62.0
Lucas_Tolentino_Coelho_de_Lima,60,80,2022-08-29,MID,West Ham,46.0,62.0
Tomas_Soucek,60,126,2020-07-28,MID,West Ham,46.0,62.0
James_Ward_Prowse,60,51,2023-08-14,MID,West Ham,46.0,62.0
Crysencio_Summerville,55,33,2024-08-03,MID,West Ham,46.0,62.0
Edson_Alvarez_Velazquez,50,40,2023-08-10,MID,West Ham,46.0,62.0
Maxwel_Cornet,50,1,2022-08-07,MID,West Ham,46.0,62.0
Guido_Rodriguez,50,36,2024-08-06,MID,West Ham,46.0,62.0
Luis_Guilherme_Lira_dos_Santos,50,12,2024-06-14,MID,West Ham,46.0,62.0
George_Earthy,45,0,2023-07-14,MID,West Ham,46.0,62.0
Andy_Irving,45,9,2023-08-31,MID,West Ham,46.0,62.0
Lewis_Orford,45,2,2022-11-01,MID,West Ham,46.0,62.0
Freddie_Potts,45,0,2021-12-08,MID,West Ham,46.0,62.0
Jarrod_Bowen,80,193,2020-01-31,FWD,West Ham,46.0,62.0
Niclas_Fullkrug,60,42,2024-08-05,FWD,West Ham,46.0,62.0
Callum_Marshall,45,0,2023-09-26,FWD,West Ham,46.0,62.0
Kyle_Walker_Peters,45,0,2025-07-20,DEF,West Ham,46.0,62.0
Callum_Wilson,60,0,2025-08-02,FWD,West Ham,46.0,62.0
Sam_Johnstone,45,12,2024-08-30,GK,Wolves,54.0,69.0
Jose_Malheiro_de_Sa,45,93,2021-07-15,GK,Wolves,54.0,69.0
Daniel_Bentley,40,9,2023-01-25,GK,Wolves,54.0,69.0
Tom_King,40,1,2023-07-03,GK,Wolves,54.0,69.0
Emmanuel_Agbadou,45,45,2025-01-09,DEF,Wolves,54.0,69.0
Matt_Doherty,45,75,2023-07-20,DEF,Wolves,54.0,69.0
Hugo_Bueno_Lopez,45,0,2021-01-29,DEF,Wolves,54.0,69.0
Yerson_Mosquera_Valdelamar,45,3,2021-06-17,DEF,Wolves,54.0,69.0
Rodrigo_Martins_Gomes,45,42,2024-07-01,DEF,Wolves,54.0,69.0
Santiago_Ignacio_Bueno,45,52,2023-08-31,DEF,Wolves,54.0,69.0
Toti_Gomes,45,79,2022-01-14,DEF,Wolves,54.0,69.0
Ki_Jana_Hoever,40,0,2020-09-19,DEF,Wolves,54.0,69.0
Bastien_Meupiyou_Menadjou,40,0,2024-08-29,DEF,Wolves,54.0,69.0
Pedro_Cardoso_de_Lima,40,2,2024-07-02,DEF,Wolves,54.0,69.0
Alfie_Pond,40,1,,DEF,Wolves,54.0,69.0
Hwang_Hee_chan,60,37,2022-07-01,MID,Wolves,54.0,69.0
Andre_Trindade_da_Costa_Neto,55,61,2024-08-30,MID,Wolves,54.0,69.0
Jean_Ricner_Bellegarde,55,90,2023-09-01,MID,Wolves,54.0,69.0
Fer_Lopez_Gonzalez,55,0,2025-06-20,MID,Wolves,54.0,69.0
Joao_Victor_Gomes_da_Silva,55,87,2023-01-30,MID,Wolves,54.0,69.0
Goncalo_Manuel_Ganchinho_Guedes,55,62,2022-08-08,MID,Wolves,54.0,69.0
Marshall_Munetsi,55,50,2025-02-03,MID,Wolves,54.0,69.0
Boubacar_Traore,50,1,2023-07-01,MID,Wolves,54.0,69.0
Tawanda_Chirewa,45,0,2023-12-01,MID,Wolves,54.0,69.0
Tom_Edozie,45,0,,MID,Wolves,54.0,69.0
Enso_Gonzalez_Medina,45,0,2023-08-31,MID,Wolves,54.0,69.0
Joe_Hodge,45,0,,MID,Wolves,54.0,69.0
Jorgen_Strand_Larsen,65,145,2025-07-01,FWD,Wolves,54.0,69.0
Fabio_Soares_Silva,50,0,2020-09-05,FWD,Wolves,54.0,69.0
Sasa_Kalajdzic,50,0,2022-08-31,FWD,Wolves,54.0,69.0
Leon_Chiwome,45,0,,FWD,Wolves,54.0,69.0
Nathan_Fraser,45,0,,FWD,Wolves,54.0,69.0
Jhon_Arias,55,0,2025-07-24,MID,Wolves,54.0,69.0
